query_id,query_group,query_lang,index_lang,metric,value,measured
q00001_cs,q00001,cs,cs,ndcg@10,1.0,True
q00001_cs,q00001,cs,cs,recall@10,1.0,True
q00001_cs,q00001,cs,cs,recall@100,1.0,True
q00001_cs,q00001,cs,cs,mrr@100,1.0,True
q00001_cs,q00001,cs,cs,success@1,1.0,True
q00002_cs,q00002,cs,cs,ndcg@10,1.0,True
q00002_cs,q00002,cs,cs,recall@10,1.0,True
q00002_cs,q00002,cs,cs,recall@100,1.0,True
q00002_cs,q00002,cs,cs,mrr@100,1.0,True
q00002_cs,q00002,cs,cs,success@1,1.0,True
q00003_cs,q00003,cs,cs,ndcg@10,0.6309297535714575,True
q00003_cs,q00003,cs,cs,recall@10,1.0,True
q00003_cs,q00003,cs,cs,recall@100,1.0,True
q00003_cs,q00003,cs,cs,mrr@100,0.5,True
q00003_cs,q00003,cs,cs,success@1,0.0,True
q00004_cs,q00004,cs,cs,ndcg@10,1.0,True
q00004_cs,q00004,cs,cs,recall@10,1.0,True
q00004_cs,q00004,cs,cs,recall@100,1.0,True
q00004_cs,q00004,cs,cs,mrr@100,1.0,True
q00004_cs,q00004,cs,cs,success@1,1.0,True
q00005_cs,q00005,cs,cs,ndcg@10,1.0,True
q00005_cs,q00005,cs,cs,recall@10,1.0,True
q00005_cs,q00005,cs,cs,recall@100,1.0,True
q00005_cs,q00005,cs,cs,mrr@100,1.0,True
q00005_cs,q00005,cs,cs,success@1,1.0,True
q00006_cs,q00006,cs,cs,ndcg@10,1.0,True
q00006_cs,q00006,cs,cs,recall@10,1.0,True
q00006_cs,q00006,cs,cs,recall@100,1.0,True
q00006_cs,q00006,cs,cs,mrr@100,1.0,True
q00006_cs,q00006,cs,cs,success@1,1.0,True
q00007_cs,q00007,cs,cs,ndcg@10,1.0,True
q00007_cs,q00007,cs,cs,recall@10,1.0,True
q00007_cs,q00007,cs,cs,recall@100,1.0,True
q00007_cs,q00007,cs,cs,mrr@100,1.0,True
q00007_cs,q00007,cs,cs,success@1,1.0,True
q00008_cs,q00008,cs,cs,ndcg@10,1.0,True
q00008_cs,q00008,cs,cs,recall@10,1.0,True
q00008_cs,q00008,cs,cs,recall@100,1.0,True
q00008_cs,q00008,cs,cs,mrr@100,1.0,True
q00008_cs,q00008,cs,cs,success@1,1.0,True
q00009_cs,q00009,cs,cs,ndcg@10,1.0,True
q00009_cs,q00009,cs,cs,recall@10,1.0,True
q00009_cs,q00009,cs,cs,recall@100,1.0,True
q00009_cs,q00009,cs,cs,mrr@100,1.0,True
q00009_cs,q00009,cs,cs,success@1,1.0,True
q00010_cs,q00010,cs,cs,ndcg@10,1.0,True
q00010_cs,q00010,cs,cs,recall@10,1.0,True
q00010_cs,q00010,cs,cs,recall@100,1.0,True
q00010_cs,q00010,cs,cs,mrr@100,1.0,True
q00010_cs,q00010,cs,cs,success@1,1.0,True
q00011_cs,q00011,cs,cs,ndcg@10,1.0,True
q00011_cs,q00011,cs,cs,recall@10,1.0,True
q00011_cs,q00011,cs,cs,recall@100,1.0,True
q00011_cs,q00011,cs,cs,mrr@100,1.0,True
q00011_cs,q00011,cs,cs,success@1,1.0,True
q00012_cs,q00012,cs,cs,ndcg@10,1.0,True
q00012_cs,q00012,cs,cs,recall@10,1.0,True
q00012_cs,q00012,cs,cs,recall@100,1.0,True
q00012_cs,q00012,cs,cs,mrr@100,1.0,True
q00012_cs,q00012,cs,cs,success@1,1.0,True
q00013_cs,q00013,cs,cs,ndcg@10,1.0,True
q00013_cs,q00013,cs,cs,recall@10,1.0,True
q00013_cs,q00013,cs,cs,recall@100,1.0,True
q00013_cs,q00013,cs,cs,mrr@100,1.0,True
q00013_cs,q00013,cs,cs,success@1,1.0,True
q00014_cs,q00014,cs,cs,ndcg@10,1.0,True
q00014_cs,q00014,cs,cs,recall@10,1.0,True
q00014_cs,q00014,cs,cs,recall@100,1.0,True
q00014_cs,q00014,cs,cs,mrr@100,1.0,True
q00014_cs,q00014,cs,cs,success@1,1.0,True
q00015_cs,q00015,cs,cs,ndcg@10,1.0,True
q00015_cs,q00015,cs,cs,recall@10,1.0,True
q00015_cs,q00015,cs,cs,recall@100,1.0,True
q00015_cs,q00015,cs,cs,mrr@100,1.0,True
q00015_cs,q00015,cs,cs,success@1,1.0,True
q00016_cs,q00016,cs,cs,ndcg@10,1.0,True
q00016_cs,q00016,cs,cs,recall@10,1.0,True
q00016_cs,q00016,cs,cs,recall@100,1.0,True
q00016_cs,q00016,cs,cs,mrr@100,1.0,True
q00016_cs,q00016,cs,cs,success@1,1.0,True
q00017_cs,q00017,cs,cs,ndcg@10,1.0,True
q00017_cs,q00017,cs,cs,recall@10,1.0,True
q00017_cs,q00017,cs,cs,recall@100,1.0,True
q00017_cs,q00017,cs,cs,mrr@100,1.0,True
q00017_cs,q00017,cs,cs,success@1,1.0,True
q00018_cs,q00018,cs,cs,ndcg@10,1.0,True
q00018_cs,q00018,cs,cs,recall@10,1.0,True
q00018_cs,q00018,cs,cs,recall@100,1.0,True
q00018_cs,q00018,cs,cs,mrr@100,1.0,True
q00018_cs,q00018,cs,cs,success@1,1.0,True
q00019_cs,q00019,cs,cs,ndcg@10,1.0,True
q00019_cs,q00019,cs,cs,recall@10,1.0,True
q00019_cs,q00019,cs,cs,recall@100,1.0,True
q00019_cs,q00019,cs,cs,mrr@100,1.0,True
q00019_cs,q00019,cs,cs,success@1,1.0,True
q00020_cs,q00020,cs,cs,ndcg@10,1.0,True
q00020_cs,q00020,cs,cs,recall@10,1.0,True
q00020_cs,q00020,cs,cs,recall@100,1.0,True
q00020_cs,q00020,cs,cs,mrr@100,1.0,True
q00020_cs,q00020,cs,cs,success@1,1.0,True
q00001_cs,q00001,cs,de,ndcg@10,0.0,True
q00001_cs,q00001,cs,de,recall@10,0.0,True
q00001_cs,q00001,cs,de,recall@100,0.0,True
q00001_cs,q00001,cs,de,mrr@100,0.0,True
q00001_cs,q00001,cs,de,success@1,0.0,True
q00002_cs,q00002,cs,de,ndcg@10,0.0,True
q00002_cs,q00002,cs,de,recall@10,0.0,True
q00002_cs,q00002,cs,de,recall@100,0.0,True
q00002_cs,q00002,cs,de,mrr@100,0.0,True
q00002_cs,q00002,cs,de,success@1,0.0,True
q00003_cs,q00003,cs,de,ndcg@10,0.2890648263178879,True
q00003_cs,q00003,cs,de,recall@10,1.0,True
q00003_cs,q00003,cs,de,recall@100,1.0,True
q00003_cs,q00003,cs,de,mrr@100,0.1,True
q00003_cs,q00003,cs,de,success@1,0.0,True
q00004_cs,q00004,cs,de,ndcg@10,1.0,True
q00004_cs,q00004,cs,de,recall@10,1.0,True
q00004_cs,q00004,cs,de,recall@100,1.0,True
q00004_cs,q00004,cs,de,mrr@100,1.0,True
q00004_cs,q00004,cs,de,success@1,1.0,True
q00005_cs,q00005,cs,de,ndcg@10,0.0,True
q00005_cs,q00005,cs,de,recall@10,0.0,True
q00005_cs,q00005,cs,de,recall@100,0.0,True
q00005_cs,q00005,cs,de,mrr@100,0.0,True
q00005_cs,q00005,cs,de,success@1,0.0,True
q00006_cs,q00006,cs,de,ndcg@10,0.0,True
q00006_cs,q00006,cs,de,recall@10,0.0,True
q00006_cs,q00006,cs,de,recall@100,0.0,True
q00006_cs,q00006,cs,de,mrr@100,0.0,True
q00006_cs,q00006,cs,de,success@1,0.0,True
q00007_cs,q00007,cs,de,ndcg@10,0.6309297535714575,True
q00007_cs,q00007,cs,de,recall@10,1.0,True
q00007_cs,q00007,cs,de,recall@100,1.0,True
q00007_cs,q00007,cs,de,mrr@100,0.5,True
q00007_cs,q00007,cs,de,success@1,0.0,True
q00008_cs,q00008,cs,de,ndcg@10,0.0,True
q00008_cs,q00008,cs,de,recall@10,0.0,True
q00008_cs,q00008,cs,de,recall@100,0.0,True
q00008_cs,q00008,cs,de,mrr@100,0.0,True
q00008_cs,q00008,cs,de,success@1,0.0,True
q00009_cs,q00009,cs,de,ndcg@10,0.0,True
q00009_cs,q00009,cs,de,recall@10,0.0,True
q00009_cs,q00009,cs,de,recall@100,0.0,True
q00009_cs,q00009,cs,de,mrr@100,0.0,True
q00009_cs,q00009,cs,de,success@1,0.0,True
q00010_cs,q00010,cs,de,ndcg@10,1.0,True
q00010_cs,q00010,cs,de,recall@10,1.0,True
q00010_cs,q00010,cs,de,recall@100,1.0,True
q00010_cs,q00010,cs,de,mrr@100,1.0,True
q00010_cs,q00010,cs,de,success@1,1.0,True
q00011_cs,q00011,cs,de,ndcg@10,0.0,True
q00011_cs,q00011,cs,de,recall@10,0.0,True
q00011_cs,q00011,cs,de,recall@100,0.0,True
q00011_cs,q00011,cs,de,mrr@100,0.0,True
q00011_cs,q00011,cs,de,success@1,0.0,True
q00012_cs,q00012,cs,de,ndcg@10,1.0,True
q00012_cs,q00012,cs,de,recall@10,1.0,True
q00012_cs,q00012,cs,de,recall@100,1.0,True
q00012_cs,q00012,cs,de,mrr@100,1.0,True
q00012_cs,q00012,cs,de,success@1,1.0,True
q00013_cs,q00013,cs,de,ndcg@10,0.0,True
q00013_cs,q00013,cs,de,recall@10,0.0,True
q00013_cs,q00013,cs,de,recall@100,0.0,True
q00013_cs,q00013,cs,de,mrr@100,0.0,True
q00013_cs,q00013,cs,de,success@1,0.0,True
q00014_cs,q00014,cs,de,ndcg@10,0.3333333333333333,True
q00014_cs,q00014,cs,de,recall@10,1.0,True
q00014_cs,q00014,cs,de,recall@100,1.0,True
q00014_cs,q00014,cs,de,mrr@100,0.14285714285714285,True
q00014_cs,q00014,cs,de,success@1,0.0,True
q00015_cs,q00015,cs,de,ndcg@10,0.0,True
q00015_cs,q00015,cs,de,recall@10,0.0,True
q00015_cs,q00015,cs,de,recall@100,0.0,True
q00015_cs,q00015,cs,de,mrr@100,0.0,True
q00015_cs,q00015,cs,de,success@1,0.0,True
q00016_cs,q00016,cs,de,ndcg@10,0.5,True
q00016_cs,q00016,cs,de,recall@10,1.0,True
q00016_cs,q00016,cs,de,recall@100,1.0,True
q00016_cs,q00016,cs,de,mrr@100,0.3333333333333333,True
q00016_cs,q00016,cs,de,success@1,0.0,True
q00017_cs,q00017,cs,de,ndcg@10,1.0,True
q00017_cs,q00017,cs,de,recall@10,1.0,True
q00017_cs,q00017,cs,de,recall@100,1.0,True
q00017_cs,q00017,cs,de,mrr@100,1.0,True
q00017_cs,q00017,cs,de,success@1,1.0,True
q00018_cs,q00018,cs,de,ndcg@10,0.38685280723454163,True
q00018_cs,q00018,cs,de,recall@10,1.0,True
q00018_cs,q00018,cs,de,recall@100,1.0,True
q00018_cs,q00018,cs,de,mrr@100,0.2,True
q00018_cs,q00018,cs,de,success@1,0.0,True
q00019_cs,q00019,cs,de,ndcg@10,1.0,True
q00019_cs,q00019,cs,de,recall@10,1.0,True
q00019_cs,q00019,cs,de,recall@100,1.0,True
q00019_cs,q00019,cs,de,mrr@100,1.0,True
q00019_cs,q00019,cs,de,success@1,1.0,True
q00020_cs,q00020,cs,de,ndcg@10,1.0,True
q00020_cs,q00020,cs,de,recall@10,1.0,True
q00020_cs,q00020,cs,de,recall@100,1.0,True
q00020_cs,q00020,cs,de,mrr@100,1.0,True
q00020_cs,q00020,cs,de,success@1,1.0,True
q00001_cs,q00001,cs,en,ndcg@10,0.0,True
q00001_cs,q00001,cs,en,recall@10,0.0,True
q00001_cs,q00001,cs,en,recall@100,0.0,True
q00001_cs,q00001,cs,en,mrr@100,0.0,True
q00001_cs,q00001,cs,en,success@1,0.0,True
q00002_cs,q00002,cs,en,ndcg@10,0.0,True
q00002_cs,q00002,cs,en,recall@10,0.0,True
q00002_cs,q00002,cs,en,recall@100,0.0,True
q00002_cs,q00002,cs,en,mrr@100,0.0,True
q00002_cs,q00002,cs,en,success@1,0.0,True
q00003_cs,q00003,cs,en,ndcg@10,0.3010299956639812,True
q00003_cs,q00003,cs,en,recall@10,1.0,True
q00003_cs,q00003,cs,en,recall@100,1.0,True
q00003_cs,q00003,cs,en,mrr@100,0.1111111111111111,True
q00003_cs,q00003,cs,en,success@1,0.0,True
q00004_cs,q00004,cs,en,ndcg@10,0.5,True
q00004_cs,q00004,cs,en,recall@10,1.0,True
q00004_cs,q00004,cs,en,recall@100,1.0,True
q00004_cs,q00004,cs,en,mrr@100,0.3333333333333333,True
q00004_cs,q00004,cs,en,success@1,0.0,True
q00005_cs,q00005,cs,en,ndcg@10,0.0,True
q00005_cs,q00005,cs,en,recall@10,0.0,True
q00005_cs,q00005,cs,en,recall@100,0.0,True
q00005_cs,q00005,cs,en,mrr@100,0.0,True
q00005_cs,q00005,cs,en,success@1,0.0,True
q00006_cs,q00006,cs,en,ndcg@10,0.0,True
q00006_cs,q00006,cs,en,recall@10,0.0,True
q00006_cs,q00006,cs,en,recall@100,0.0,True
q00006_cs,q00006,cs,en,mrr@100,0.0,True
q00006_cs,q00006,cs,en,success@1,0.0,True
q00007_cs,q00007,cs,en,ndcg@10,1.0,True
q00007_cs,q00007,cs,en,recall@10,1.0,True
q00007_cs,q00007,cs,en,recall@100,1.0,True
q00007_cs,q00007,cs,en,mrr@100,1.0,True
q00007_cs,q00007,cs,en,success@1,1.0,True
q00008_cs,q00008,cs,en,ndcg@10,0.0,True
q00008_cs,q00008,cs,en,recall@10,0.0,True
q00008_cs,q00008,cs,en,recall@100,0.0,True
q00008_cs,q00008,cs,en,mrr@100,0.0,True
q00008_cs,q00008,cs,en,success@1,0.0,True
q00009_cs,q00009,cs,en,ndcg@10,0.0,True
q00009_cs,q00009,cs,en,recall@10,0.0,True
q00009_cs,q00009,cs,en,recall@100,0.0,True
q00009_cs,q00009,cs,en,mrr@100,0.0,True
q00009_cs,q00009,cs,en,success@1,0.0,True
q00010_cs,q00010,cs,en,ndcg@10,1.0,True
q00010_cs,q00010,cs,en,recall@10,1.0,True
q00010_cs,q00010,cs,en,recall@100,1.0,True
q00010_cs,q00010,cs,en,mrr@100,1.0,True
q00010_cs,q00010,cs,en,success@1,1.0,True
q00011_cs,q00011,cs,en,ndcg@10,0.0,True
q00011_cs,q00011,cs,en,recall@10,0.0,True
q00011_cs,q00011,cs,en,recall@100,0.0,True
q00011_cs,q00011,cs,en,mrr@100,0.0,True
q00011_cs,q00011,cs,en,success@1,0.0,True
q00012_cs,q00012,cs,en,ndcg@10,0.0,True
q00012_cs,q00012,cs,en,recall@10,0.0,True
q00012_cs,q00012,cs,en,recall@100,0.0,True
q00012_cs,q00012,cs,en,mrr@100,0.0,True
q00012_cs,q00012,cs,en,success@1,0.0,True
q00013_cs,q00013,cs,en,ndcg@10,0.0,True
q00013_cs,q00013,cs,en,recall@10,0.0,True
q00013_cs,q00013,cs,en,recall@100,0.0,True
q00013_cs,q00013,cs,en,mrr@100,0.0,True
q00013_cs,q00013,cs,en,success@1,0.0,True
q00014_cs,q00014,cs,en,ndcg@10,0.2890648263178879,True
q00014_cs,q00014,cs,en,recall@10,1.0,True
q00014_cs,q00014,cs,en,recall@100,1.0,True
q00014_cs,q00014,cs,en,mrr@100,0.1,True
q00014_cs,q00014,cs,en,success@1,0.0,True
q00015_cs,q00015,cs,en,ndcg@10,0.0,True
q00015_cs,q00015,cs,en,recall@10,0.0,True
q00015_cs,q00015,cs,en,recall@100,0.0,True
q00015_cs,q00015,cs,en,mrr@100,0.0,True
q00015_cs,q00015,cs,en,success@1,0.0,True
q00016_cs,q00016,cs,en,ndcg@10,0.5,True
q00016_cs,q00016,cs,en,recall@10,1.0,True
q00016_cs,q00016,cs,en,recall@100,1.0,True
q00016_cs,q00016,cs,en,mrr@100,0.3333333333333333,True
q00016_cs,q00016,cs,en,success@1,0.0,True
q00017_cs,q00017,cs,en,ndcg@10,1.0,True
q00017_cs,q00017,cs,en,recall@10,1.0,True
q00017_cs,q00017,cs,en,recall@100,1.0,True
q00017_cs,q00017,cs,en,mrr@100,1.0,True
q00017_cs,q00017,cs,en,success@1,1.0,True
q00018_cs,q00018,cs,en,ndcg@10,0.5,True
q00018_cs,q00018,cs,en,recall@10,1.0,True
q00018_cs,q00018,cs,en,recall@100,1.0,True
q00018_cs,q00018,cs,en,mrr@100,0.3333333333333333,True
q00018_cs,q00018,cs,en,success@1,0.0,True
q00019_cs,q00019,cs,en,ndcg@10,0.6309297535714575,True
q00019_cs,q00019,cs,en,recall@10,1.0,True
q00019_cs,q00019,cs,en,recall@100,1.0,True
q00019_cs,q00019,cs,en,mrr@100,0.5,True
q00019_cs,q00019,cs,en,success@1,0.0,True
q00020_cs,q00020,cs,en,ndcg@10,1.0,True
q00020_cs,q00020,cs,en,recall@10,1.0,True
q00020_cs,q00020,cs,en,recall@100,1.0,True
q00020_cs,q00020,cs,en,mrr@100,1.0,True
q00020_cs,q00020,cs,en,success@1,1.0,True
q00001_de,q00001,de,cs,ndcg@10,0.0,True
q00001_de,q00001,de,cs,recall@10,0.0,True
q00001_de,q00001,de,cs,recall@100,0.0,True
q00001_de,q00001,de,cs,mrr@100,0.0,True
q00001_de,q00001,de,cs,success@1,0.0,True
q00002_de,q00002,de,cs,ndcg@10,0.0,True
q00002_de,q00002,de,cs,recall@10,0.0,True
q00002_de,q00002,de,cs,recall@100,0.0,True
q00002_de,q00002,de,cs,mrr@100,0.0,True
q00002_de,q00002,de,cs,success@1,0.0,True
q00003_de,q00003,de,cs,ndcg@10,0.0,True
q00003_de,q00003,de,cs,recall@10,0.0,True
q00003_de,q00003,de,cs,recall@100,0.0,True
q00003_de,q00003,de,cs,mrr@100,0.0,True
q00003_de,q00003,de,cs,success@1,0.0,True
q00004_de,q00004,de,cs,ndcg@10,0.0,True
q00004_de,q00004,de,cs,recall@10,0.0,True
q00004_de,q00004,de,cs,recall@100,0.0,True
q00004_de,q00004,de,cs,mrr@100,0.0,True
q00004_de,q00004,de,cs,success@1,0.0,True
q00005_de,q00005,de,cs,ndcg@10,0.0,True
q00005_de,q00005,de,cs,recall@10,0.0,True
q00005_de,q00005,de,cs,recall@100,0.0,True
q00005_de,q00005,de,cs,mrr@100,0.0,True
q00005_de,q00005,de,cs,success@1,0.0,True
q00006_de,q00006,de,cs,ndcg@10,0.0,True
q00006_de,q00006,de,cs,recall@10,0.0,True
q00006_de,q00006,de,cs,recall@100,0.0,True
q00006_de,q00006,de,cs,mrr@100,0.0,True
q00006_de,q00006,de,cs,success@1,0.0,True
q00007_de,q00007,de,cs,ndcg@10,0.6309297535714575,True
q00007_de,q00007,de,cs,recall@10,1.0,True
q00007_de,q00007,de,cs,recall@100,1.0,True
q00007_de,q00007,de,cs,mrr@100,0.5,True
q00007_de,q00007,de,cs,success@1,0.0,True
q00008_de,q00008,de,cs,ndcg@10,0.0,True
q00008_de,q00008,de,cs,recall@10,0.0,True
q00008_de,q00008,de,cs,recall@100,0.0,True
q00008_de,q00008,de,cs,mrr@100,0.0,True
q00008_de,q00008,de,cs,success@1,0.0,True
q00009_de,q00009,de,cs,ndcg@10,0.0,True
q00009_de,q00009,de,cs,recall@10,0.0,True
q00009_de,q00009,de,cs,recall@100,0.0,True
q00009_de,q00009,de,cs,mrr@100,0.0,True
q00009_de,q00009,de,cs,success@1,0.0,True
q00010_de,q00010,de,cs,ndcg@10,1.0,True
q00010_de,q00010,de,cs,recall@10,1.0,True
q00010_de,q00010,de,cs,recall@100,1.0,True
q00010_de,q00010,de,cs,mrr@100,1.0,True
q00010_de,q00010,de,cs,success@1,1.0,True
q00011_de,q00011,de,cs,ndcg@10,0.0,True
q00011_de,q00011,de,cs,recall@10,0.0,True
q00011_de,q00011,de,cs,recall@100,0.0,True
q00011_de,q00011,de,cs,mrr@100,0.0,True
q00011_de,q00011,de,cs,success@1,0.0,True
q00012_de,q00012,de,cs,ndcg@10,0.0,True
q00012_de,q00012,de,cs,recall@10,0.0,True
q00012_de,q00012,de,cs,recall@100,0.0,True
q00012_de,q00012,de,cs,mrr@100,0.0,True
q00012_de,q00012,de,cs,success@1,0.0,True
q00013_de,q00013,de,cs,ndcg@10,0.0,True
q00013_de,q00013,de,cs,recall@10,0.0,True
q00013_de,q00013,de,cs,recall@100,0.0,True
q00013_de,q00013,de,cs,mrr@100,0.0,True
q00013_de,q00013,de,cs,success@1,0.0,True
q00014_de,q00014,de,cs,ndcg@10,0.0,True
q00014_de,q00014,de,cs,recall@10,0.0,True
q00014_de,q00014,de,cs,recall@100,0.0,True
q00014_de,q00014,de,cs,mrr@100,0.0,True
q00014_de,q00014,de,cs,success@1,0.0,True
q00015_de,q00015,de,cs,ndcg@10,0.0,True
q00015_de,q00015,de,cs,recall@10,0.0,True
q00015_de,q00015,de,cs,recall@100,0.0,True
q00015_de,q00015,de,cs,mrr@100,0.0,True
q00015_de,q00015,de,cs,success@1,0.0,True
q00016_de,q00016,de,cs,ndcg@10,0.6309297535714575,True
q00016_de,q00016,de,cs,recall@10,1.0,True
q00016_de,q00016,de,cs,recall@100,1.0,True
q00016_de,q00016,de,cs,mrr@100,0.5,True
q00016_de,q00016,de,cs,success@1,0.0,True
q00017_de,q00017,de,cs,ndcg@10,0.0,True
q00017_de,q00017,de,cs,recall@10,0.0,True
q00017_de,q00017,de,cs,recall@100,0.0,True
q00017_de,q00017,de,cs,mrr@100,0.0,True
q00017_de,q00017,de,cs,success@1,0.0,True
q00018_de,q00018,de,cs,ndcg@10,1.0,True
q00018_de,q00018,de,cs,recall@10,1.0,True
q00018_de,q00018,de,cs,recall@100,1.0,True
q00018_de,q00018,de,cs,mrr@100,1.0,True
q00018_de,q00018,de,cs,success@1,1.0,True
q00019_de,q00019,de,cs,ndcg@10,1.0,True
q00019_de,q00019,de,cs,recall@10,1.0,True
q00019_de,q00019,de,cs,recall@100,1.0,True
q00019_de,q00019,de,cs,mrr@100,1.0,True
q00019_de,q00019,de,cs,success@1,1.0,True
q00020_de,q00020,de,cs,ndcg@10,0.6309297535714575,True
q00020_de,q00020,de,cs,recall@10,1.0,True
q00020_de,q00020,de,cs,recall@100,1.0,True
q00020_de,q00020,de,cs,mrr@100,0.5,True
q00020_de,q00020,de,cs,success@1,0.0,True
q00001_de,q00001,de,de,ndcg@10,1.0,True
q00001_de,q00001,de,de,recall@10,1.0,True
q00001_de,q00001,de,de,recall@100,1.0,True
q00001_de,q00001,de,de,mrr@100,1.0,True
q00001_de,q00001,de,de,success@1,1.0,True
q00002_de,q00002,de,de,ndcg@10,1.0,True
q00002_de,q00002,de,de,recall@10,1.0,True
q00002_de,q00002,de,de,recall@100,1.0,True
q00002_de,q00002,de,de,mrr@100,1.0,True
q00002_de,q00002,de,de,success@1,1.0,True
q00003_de,q00003,de,de,ndcg@10,1.0,True
q00003_de,q00003,de,de,recall@10,1.0,True
q00003_de,q00003,de,de,recall@100,1.0,True
q00003_de,q00003,de,de,mrr@100,1.0,True
q00003_de,q00003,de,de,success@1,1.0,True
q00004_de,q00004,de,de,ndcg@10,0.6309297535714575,True
q00004_de,q00004,de,de,recall@10,1.0,True
q00004_de,q00004,de,de,recall@100,1.0,True
q00004_de,q00004,de,de,mrr@100,0.5,True
q00004_de,q00004,de,de,success@1,0.0,True
q00005_de,q00005,de,de,ndcg@10,1.0,True
q00005_de,q00005,de,de,recall@10,1.0,True
q00005_de,q00005,de,de,recall@100,1.0,True
q00005_de,q00005,de,de,mrr@100,1.0,True
q00005_de,q00005,de,de,success@1,1.0,True
q00006_de,q00006,de,de,ndcg@10,1.0,True
q00006_de,q00006,de,de,recall@10,1.0,True
q00006_de,q00006,de,de,recall@100,1.0,True
q00006_de,q00006,de,de,mrr@100,1.0,True
q00006_de,q00006,de,de,success@1,1.0,True
q00007_de,q00007,de,de,ndcg@10,1.0,True
q00007_de,q00007,de,de,recall@10,1.0,True
q00007_de,q00007,de,de,recall@100,1.0,True
q00007_de,q00007,de,de,mrr@100,1.0,True
q00007_de,q00007,de,de,success@1,1.0,True
q00008_de,q00008,de,de,ndcg@10,1.0,True
q00008_de,q00008,de,de,recall@10,1.0,True
q00008_de,q00008,de,de,recall@100,1.0,True
q00008_de,q00008,de,de,mrr@100,1.0,True
q00008_de,q00008,de,de,success@1,1.0,True
q00009_de,q00009,de,de,ndcg@10,1.0,True
q00009_de,q00009,de,de,recall@10,1.0,True
q00009_de,q00009,de,de,recall@100,1.0,True
q00009_de,q00009,de,de,mrr@100,1.0,True
q00009_de,q00009,de,de,success@1,1.0,True
q00010_de,q00010,de,de,ndcg@10,1.0,True
q00010_de,q00010,de,de,recall@10,1.0,True
q00010_de,q00010,de,de,recall@100,1.0,True
q00010_de,q00010,de,de,mrr@100,1.0,True
q00010_de,q00010,de,de,success@1,1.0,True
q00011_de,q00011,de,de,ndcg@10,1.0,True
q00011_de,q00011,de,de,recall@10,1.0,True
q00011_de,q00011,de,de,recall@100,1.0,True
q00011_de,q00011,de,de,mrr@100,1.0,True
q00011_de,q00011,de,de,success@1,1.0,True
q00012_de,q00012,de,de,ndcg@10,1.0,True
q00012_de,q00012,de,de,recall@10,1.0,True
q00012_de,q00012,de,de,recall@100,1.0,True
q00012_de,q00012,de,de,mrr@100,1.0,True
q00012_de,q00012,de,de,success@1,1.0,True
q00013_de,q00013,de,de,ndcg@10,1.0,True
q00013_de,q00013,de,de,recall@10,1.0,True
q00013_de,q00013,de,de,recall@100,1.0,True
q00013_de,q00013,de,de,mrr@100,1.0,True
q00013_de,q00013,de,de,success@1,1.0,True
q00014_de,q00014,de,de,ndcg@10,1.0,True
q00014_de,q00014,de,de,recall@10,1.0,True
q00014_de,q00014,de,de,recall@100,1.0,True
q00014_de,q00014,de,de,mrr@100,1.0,True
q00014_de,q00014,de,de,success@1,1.0,True
q00015_de,q00015,de,de,ndcg@10,1.0,True
q00015_de,q00015,de,de,recall@10,1.0,True
q00015_de,q00015,de,de,recall@100,1.0,True
q00015_de,q00015,de,de,mrr@100,1.0,True
q00015_de,q00015,de,de,success@1,1.0,True
q00016_de,q00016,de,de,ndcg@10,1.0,True
q00016_de,q00016,de,de,recall@10,1.0,True
q00016_de,q00016,de,de,recall@100,1.0,True
q00016_de,q00016,de,de,mrr@100,1.0,True
q00016_de,q00016,de,de,success@1,1.0,True
q00017_de,q00017,de,de,ndcg@10,1.0,True
q00017_de,q00017,de,de,recall@10,1.0,True
q00017_de,q00017,de,de,recall@100,1.0,True
q00017_de,q00017,de,de,mrr@100,1.0,True
q00017_de,q00017,de,de,success@1,1.0,True
q00018_de,q00018,de,de,ndcg@10,1.0,True
q00018_de,q00018,de,de,recall@10,1.0,True
q00018_de,q00018,de,de,recall@100,1.0,True
q00018_de,q00018,de,de,mrr@100,1.0,True
q00018_de,q00018,de,de,success@1,1.0,True
q00019_de,q00019,de,de,ndcg@10,1.0,True
q00019_de,q00019,de,de,recall@10,1.0,True
q00019_de,q00019,de,de,recall@100,1.0,True
q00019_de,q00019,de,de,mrr@100,1.0,True
q00019_de,q00019,de,de,success@1,1.0,True
q00020_de,q00020,de,de,ndcg@10,1.0,True
q00020_de,q00020,de,de,recall@10,1.0,True
q00020_de,q00020,de,de,recall@100,1.0,True
q00020_de,q00020,de,de,mrr@100,1.0,True
q00020_de,q00020,de,de,success@1,1.0,True
q00001_de,q00001,de,en,ndcg@10,0.0,True
q00001_de,q00001,de,en,recall@10,0.0,True
q00001_de,q00001,de,en,recall@100,0.0,True
q00001_de,q00001,de,en,mrr@100,0.0,True
q00001_de,q00001,de,en,success@1,0.0,True
q00002_de,q00002,de,en,ndcg@10,0.0,True
q00002_de,q00002,de,en,recall@10,0.0,True
q00002_de,q00002,de,en,recall@100,0.0,True
q00002_de,q00002,de,en,mrr@100,0.0,True
q00002_de,q00002,de,en,success@1,0.0,True
q00003_de,q00003,de,en,ndcg@10,0.31546487678572877,True
q00003_de,q00003,de,en,recall@10,1.0,True
q00003_de,q00003,de,en,recall@100,1.0,True
q00003_de,q00003,de,en,mrr@100,0.125,True
q00003_de,q00003,de,en,success@1,0.0,True
q00004_de,q00004,de,en,ndcg@10,0.3010299956639812,True
q00004_de,q00004,de,en,recall@10,1.0,True
q00004_de,q00004,de,en,recall@100,1.0,True
q00004_de,q00004,de,en,mrr@100,0.1111111111111111,True
q00004_de,q00004,de,en,success@1,0.0,True
q00005_de,q00005,de,en,ndcg@10,1.0,True
q00005_de,q00005,de,en,recall@10,1.0,True
q00005_de,q00005,de,en,recall@100,1.0,True
q00005_de,q00005,de,en,mrr@100,1.0,True
q00005_de,q00005,de,en,success@1,1.0,True
q00006_de,q00006,de,en,ndcg@10,0.0,True
q00006_de,q00006,de,en,recall@10,0.0,True
q00006_de,q00006,de,en,recall@100,0.0,True
q00006_de,q00006,de,en,mrr@100,0.0,True
q00006_de,q00006,de,en,success@1,0.0,True
q00007_de,q00007,de,en,ndcg@10,0.5,True
q00007_de,q00007,de,en,recall@10,1.0,True
q00007_de,q00007,de,en,recall@100,1.0,True
q00007_de,q00007,de,en,mrr@100,0.3333333333333333,True
q00007_de,q00007,de,en,success@1,0.0,True
q00008_de,q00008,de,en,ndcg@10,0.0,True
q00008_de,q00008,de,en,recall@10,0.0,True
q00008_de,q00008,de,en,recall@100,0.0,True
q00008_de,q00008,de,en,mrr@100,0.0,True
q00008_de,q00008,de,en,success@1,0.0,True
q00009_de,q00009,de,en,ndcg@10,0.0,True
q00009_de,q00009,de,en,recall@10,0.0,True
q00009_de,q00009,de,en,recall@100,0.0,True
q00009_de,q00009,de,en,mrr@100,0.0,True
q00009_de,q00009,de,en,success@1,0.0,True
q00010_de,q00010,de,en,ndcg@10,1.0,True
q00010_de,q00010,de,en,recall@10,1.0,True
q00010_de,q00010,de,en,recall@100,1.0,True
q00010_de,q00010,de,en,mrr@100,1.0,True
q00010_de,q00010,de,en,success@1,1.0,True
q00011_de,q00011,de,en,ndcg@10,0.0,True
q00011_de,q00011,de,en,recall@10,0.0,True
q00011_de,q00011,de,en,recall@100,0.0,True
q00011_de,q00011,de,en,mrr@100,0.0,True
q00011_de,q00011,de,en,success@1,0.0,True
q00012_de,q00012,de,en,ndcg@10,0.0,True
q00012_de,q00012,de,en,recall@10,0.0,True
q00012_de,q00012,de,en,recall@100,0.0,True
q00012_de,q00012,de,en,mrr@100,0.0,True
q00012_de,q00012,de,en,success@1,0.0,True
q00013_de,q00013,de,en,ndcg@10,0.0,True
q00013_de,q00013,de,en,recall@10,0.0,True
q00013_de,q00013,de,en,recall@100,0.0,True
q00013_de,q00013,de,en,mrr@100,0.0,True
q00013_de,q00013,de,en,success@1,0.0,True
q00014_de,q00014,de,en,ndcg@10,0.2890648263178879,True
q00014_de,q00014,de,en,recall@10,1.0,True
q00014_de,q00014,de,en,recall@100,1.0,True
q00014_de,q00014,de,en,mrr@100,0.1,True
q00014_de,q00014,de,en,success@1,0.0,True
q00015_de,q00015,de,en,ndcg@10,0.0,True
q00015_de,q00015,de,en,recall@10,0.0,True
q00015_de,q00015,de,en,recall@100,0.0,True
q00015_de,q00015,de,en,mrr@100,0.0,True
q00015_de,q00015,de,en,success@1,0.0,True
q00016_de,q00016,de,en,ndcg@10,0.0,True
q00016_de,q00016,de,en,recall@10,0.0,True
q00016_de,q00016,de,en,recall@100,0.0,True
q00016_de,q00016,de,en,mrr@100,0.0,True
q00016_de,q00016,de,en,success@1,0.0,True
q00017_de,q00017,de,en,ndcg@10,0.38685280723454163,True
q00017_de,q00017,de,en,recall@10,1.0,True
q00017_de,q00017,de,en,recall@100,1.0,True
q00017_de,q00017,de,en,mrr@100,0.2,True
q00017_de,q00017,de,en,success@1,0.0,True
q00018_de,q00018,de,en,ndcg@10,0.5,True
q00018_de,q00018,de,en,recall@10,1.0,True
q00018_de,q00018,de,en,recall@100,1.0,True
q00018_de,q00018,de,en,mrr@100,0.3333333333333333,True
q00018_de,q00018,de,en,success@1,0.0,True
q00019_de,q00019,de,en,ndcg@10,1.0,True
q00019_de,q00019,de,en,recall@10,1.0,True
q00019_de,q00019,de,en,recall@100,1.0,True
q00019_de,q00019,de,en,mrr@100,1.0,True
q00019_de,q00019,de,en,success@1,1.0,True
q00020_de,q00020,de,en,ndcg@10,1.0,True
q00020_de,q00020,de,en,recall@10,1.0,True
q00020_de,q00020,de,en,recall@100,1.0,True
q00020_de,q00020,de,en,mrr@100,1.0,True
q00020_de,q00020,de,en,success@1,1.0,True
q00001_en,q00001,en,cs,ndcg@10,0.38685280723454163,True
q00001_en,q00001,en,cs,recall@10,1.0,True
q00001_en,q00001,en,cs,recall@100,1.0,True
q00001_en,q00001,en,cs,mrr@100,0.2,True
q00001_en,q00001,en,cs,success@1,0.0,True
q00002_en,q00002,en,cs,ndcg@10,0.3333333333333333,True
q00002_en,q00002,en,cs,recall@10,1.0,True
q00002_en,q00002,en,cs,recall@100,1.0,True
q00002_en,q00002,en,cs,mrr@100,0.14285714285714285,True
q00002_en,q00002,en,cs,success@1,0.0,True
q00003_en,q00003,en,cs,ndcg@10,0.3333333333333333,True
q00003_en,q00003,en,cs,recall@10,1.0,True
q00003_en,q00003,en,cs,recall@100,1.0,True
q00003_en,q00003,en,cs,mrr@100,0.14285714285714285,True
q00003_en,q00003,en,cs,success@1,0.0,True
q00004_en,q00004,en,cs,ndcg@10,0.3010299956639812,True
q00004_en,q00004,en,cs,recall@10,1.0,True
q00004_en,q00004,en,cs,recall@100,1.0,True
q00004_en,q00004,en,cs,mrr@100,0.1111111111111111,True
q00004_en,q00004,en,cs,success@1,0.0,True
q00005_en,q00005,en,cs,ndcg@10,0.3562071871080222,True
q00005_en,q00005,en,cs,recall@10,1.0,True
q00005_en,q00005,en,cs,recall@100,1.0,True
q00005_en,q00005,en,cs,mrr@100,0.16666666666666666,True
q00005_en,q00005,en,cs,success@1,0.0,True
q00006_en,q00006,en,cs,ndcg@10,1.0,True
q00006_en,q00006,en,cs,recall@10,1.0,True
q00006_en,q00006,en,cs,recall@100,1.0,True
q00006_en,q00006,en,cs,mrr@100,1.0,True
q00006_en,q00006,en,cs,success@1,1.0,True
q00007_en,q00007,en,cs,ndcg@10,1.0,True
q00007_en,q00007,en,cs,recall@10,1.0,True
q00007_en,q00007,en,cs,recall@100,1.0,True
q00007_en,q00007,en,cs,mrr@100,1.0,True
q00007_en,q00007,en,cs,success@1,1.0,True
q00008_en,q00008,en,cs,ndcg@10,0.0,True
q00008_en,q00008,en,cs,recall@10,0.0,True
q00008_en,q00008,en,cs,recall@100,0.0,True
q00008_en,q00008,en,cs,mrr@100,0.0,True
q00008_en,q00008,en,cs,success@1,0.0,True
q00009_en,q00009,en,cs,ndcg@10,1.0,True
q00009_en,q00009,en,cs,recall@10,1.0,True
q00009_en,q00009,en,cs,recall@100,1.0,True
q00009_en,q00009,en,cs,mrr@100,1.0,True
q00009_en,q00009,en,cs,success@1,1.0,True
q00010_en,q00010,en,cs,ndcg@10,1.0,True
q00010_en,q00010,en,cs,recall@10,1.0,True
q00010_en,q00010,en,cs,recall@100,1.0,True
q00010_en,q00010,en,cs,mrr@100,1.0,True
q00010_en,q00010,en,cs,success@1,1.0,True
q00011_en,q00011,en,cs,ndcg@10,0.3333333333333333,True
q00011_en,q00011,en,cs,recall@10,1.0,True
q00011_en,q00011,en,cs,recall@100,1.0,True
q00011_en,q00011,en,cs,mrr@100,0.14285714285714285,True
q00011_en,q00011,en,cs,success@1,0.0,True
q00012_en,q00012,en,cs,ndcg@10,0.2890648263178879,True
q00012_en,q00012,en,cs,recall@10,1.0,True
q00012_en,q00012,en,cs,recall@100,1.0,True
q00012_en,q00012,en,cs,mrr@100,0.1,True
q00012_en,q00012,en,cs,success@1,0.0,True
q00013_en,q00013,en,cs,ndcg@10,0.0,True
q00013_en,q00013,en,cs,recall@10,0.0,True
q00013_en,q00013,en,cs,recall@100,0.0,True
q00013_en,q00013,en,cs,mrr@100,0.0,True
q00013_en,q00013,en,cs,success@1,0.0,True
q00014_en,q00014,en,cs,ndcg@10,0.0,True
q00014_en,q00014,en,cs,recall@10,0.0,True
q00014_en,q00014,en,cs,recall@100,0.0,True
q00014_en,q00014,en,cs,mrr@100,0.0,True
q00014_en,q00014,en,cs,success@1,0.0,True
q00015_en,q00015,en,cs,ndcg@10,0.3562071871080222,True
q00015_en,q00015,en,cs,recall@10,1.0,True
q00015_en,q00015,en,cs,recall@100,1.0,True
q00015_en,q00015,en,cs,mrr@100,0.16666666666666666,True
q00015_en,q00015,en,cs,success@1,0.0,True
q00016_en,q00016,en,cs,ndcg@10,0.0,True
q00016_en,q00016,en,cs,recall@10,0.0,True
q00016_en,q00016,en,cs,recall@100,0.0,True
q00016_en,q00016,en,cs,mrr@100,0.0,True
q00016_en,q00016,en,cs,success@1,0.0,True
q00017_en,q00017,en,cs,ndcg@10,0.6309297535714575,True
q00017_en,q00017,en,cs,recall@10,1.0,True
q00017_en,q00017,en,cs,recall@100,1.0,True
q00017_en,q00017,en,cs,mrr@100,0.5,True
q00017_en,q00017,en,cs,success@1,0.0,True
q00018_en,q00018,en,cs,ndcg@10,1.0,True
q00018_en,q00018,en,cs,recall@10,1.0,True
q00018_en,q00018,en,cs,recall@100,1.0,True
q00018_en,q00018,en,cs,mrr@100,1.0,True
q00018_en,q00018,en,cs,success@1,1.0,True
q00019_en,q00019,en,cs,ndcg@10,1.0,True
q00019_en,q00019,en,cs,recall@10,1.0,True
q00019_en,q00019,en,cs,recall@100,1.0,True
q00019_en,q00019,en,cs,mrr@100,1.0,True
q00019_en,q00019,en,cs,success@1,1.0,True
q00020_en,q00020,en,cs,ndcg@10,0.5,True
q00020_en,q00020,en,cs,recall@10,1.0,True
q00020_en,q00020,en,cs,recall@100,1.0,True
q00020_en,q00020,en,cs,mrr@100,0.3333333333333333,True
q00020_en,q00020,en,cs,success@1,0.0,True
q00001_en,q00001,en,de,ndcg@10,0.3333333333333333,True
q00001_en,q00001,en,de,recall@10,1.0,True
q00001_en,q00001,en,de,recall@100,1.0,True
q00001_en,q00001,en,de,mrr@100,0.14285714285714285,True
q00001_en,q00001,en,de,success@1,0.0,True
q00002_en,q00002,en,de,ndcg@10,0.3333333333333333,True
q00002_en,q00002,en,de,recall@10,1.0,True
q00002_en,q00002,en,de,recall@100,1.0,True
q00002_en,q00002,en,de,mrr@100,0.14285714285714285,True
q00002_en,q00002,en,de,success@1,0.0,True
q00003_en,q00003,en,de,ndcg@10,0.3010299956639812,True
q00003_en,q00003,en,de,recall@10,1.0,True
q00003_en,q00003,en,de,recall@100,1.0,True
q00003_en,q00003,en,de,mrr@100,0.1111111111111111,True
q00003_en,q00003,en,de,success@1,0.0,True
q00004_en,q00004,en,de,ndcg@10,0.3010299956639812,True
q00004_en,q00004,en,de,recall@10,1.0,True
q00004_en,q00004,en,de,recall@100,1.0,True
q00004_en,q00004,en,de,mrr@100,0.1111111111111111,True
q00004_en,q00004,en,de,success@1,0.0,True
q00005_en,q00005,en,de,ndcg@10,1.0,True
q00005_en,q00005,en,de,recall@10,1.0,True
q00005_en,q00005,en,de,recall@100,1.0,True
q00005_en,q00005,en,de,mrr@100,1.0,True
q00005_en,q00005,en,de,success@1,1.0,True
q00006_en,q00006,en,de,ndcg@10,0.5,True
q00006_en,q00006,en,de,recall@10,1.0,True
q00006_en,q00006,en,de,recall@100,1.0,True
q00006_en,q00006,en,de,mrr@100,0.3333333333333333,True
q00006_en,q00006,en,de,success@1,0.0,True
q00007_en,q00007,en,de,ndcg@10,0.3333333333333333,True
q00007_en,q00007,en,de,recall@10,1.0,True
q00007_en,q00007,en,de,recall@100,1.0,True
q00007_en,q00007,en,de,mrr@100,0.14285714285714285,True
q00007_en,q00007,en,de,success@1,0.0,True
q00008_en,q00008,en,de,ndcg@10,0.0,True
q00008_en,q00008,en,de,recall@10,0.0,True
q00008_en,q00008,en,de,recall@100,0.0,True
q00008_en,q00008,en,de,mrr@100,0.0,True
q00008_en,q00008,en,de,success@1,0.0,True
q00009_en,q00009,en,de,ndcg@10,0.2890648263178879,True
q00009_en,q00009,en,de,recall@10,1.0,True
q00009_en,q00009,en,de,recall@100,1.0,True
q00009_en,q00009,en,de,mrr@100,0.1,True
q00009_en,q00009,en,de,success@1,0.0,True
q00010_en,q00010,en,de,ndcg@10,0.6309297535714575,True
q00010_en,q00010,en,de,recall@10,1.0,True
q00010_en,q00010,en,de,recall@100,1.0,True
q00010_en,q00010,en,de,mrr@100,0.5,True
q00010_en,q00010,en,de,success@1,0.0,True
q00011_en,q00011,en,de,ndcg@10,0.5,True
q00011_en,q00011,en,de,recall@10,1.0,True
q00011_en,q00011,en,de,recall@100,1.0,True
q00011_en,q00011,en,de,mrr@100,0.3333333333333333,True
q00011_en,q00011,en,de,success@1,0.0,True
q00012_en,q00012,en,de,ndcg@10,0.6309297535714575,True
q00012_en,q00012,en,de,recall@10,1.0,True
q00012_en,q00012,en,de,recall@100,1.0,True
q00012_en,q00012,en,de,mrr@100,0.5,True
q00012_en,q00012,en,de,success@1,0.0,True
q00013_en,q00013,en,de,ndcg@10,0.0,True
q00013_en,q00013,en,de,recall@10,0.0,True
q00013_en,q00013,en,de,recall@100,0.0,True
q00013_en,q00013,en,de,mrr@100,0.0,True
q00013_en,q00013,en,de,success@1,0.0,True
q00014_en,q00014,en,de,ndcg@10,0.0,True
q00014_en,q00014,en,de,recall@10,0.0,True
q00014_en,q00014,en,de,recall@100,0.0,True
q00014_en,q00014,en,de,mrr@100,0.0,True
q00014_en,q00014,en,de,success@1,0.0,True
q00015_en,q00015,en,de,ndcg@10,0.38685280723454163,True
q00015_en,q00015,en,de,recall@10,1.0,True
q00015_en,q00015,en,de,recall@100,1.0,True
q00015_en,q00015,en,de,mrr@100,0.2,True
q00015_en,q00015,en,de,success@1,0.0,True
q00016_en,q00016,en,de,ndcg@10,0.0,True
q00016_en,q00016,en,de,recall@10,0.0,True
q00016_en,q00016,en,de,recall@100,0.0,True
q00016_en,q00016,en,de,mrr@100,0.0,True
q00016_en,q00016,en,de,success@1,0.0,True
q00017_en,q00017,en,de,ndcg@10,1.0,True
q00017_en,q00017,en,de,recall@10,1.0,True
q00017_en,q00017,en,de,recall@100,1.0,True
q00017_en,q00017,en,de,mrr@100,1.0,True
q00017_en,q00017,en,de,success@1,1.0,True
q00018_en,q00018,en,de,ndcg@10,1.0,True
q00018_en,q00018,en,de,recall@10,1.0,True
q00018_en,q00018,en,de,recall@100,1.0,True
q00018_en,q00018,en,de,mrr@100,1.0,True
q00018_en,q00018,en,de,success@1,1.0,True
q00019_en,q00019,en,de,ndcg@10,1.0,True
q00019_en,q00019,en,de,recall@10,1.0,True
q00019_en,q00019,en,de,recall@100,1.0,True
q00019_en,q00019,en,de,mrr@100,1.0,True
q00019_en,q00019,en,de,success@1,1.0,True
q00020_en,q00020,en,de,ndcg@10,1.0,True
q00020_en,q00020,en,de,recall@10,1.0,True
q00020_en,q00020,en,de,recall@100,1.0,True
q00020_en,q00020,en,de,mrr@100,1.0,True
q00020_en,q00020,en,de,success@1,1.0,True
q00001_en,q00001,en,en,ndcg@10,1.0,True
q00001_en,q00001,en,en,recall@10,1.0,True
q00001_en,q00001,en,en,recall@100,1.0,True
q00001_en,q00001,en,en,mrr@100,1.0,True
q00001_en,q00001,en,en,success@1,1.0,True
q00002_en,q00002,en,en,ndcg@10,1.0,True
q00002_en,q00002,en,en,recall@10,1.0,True
q00002_en,q00002,en,en,recall@100,1.0,True
q00002_en,q00002,en,en,mrr@100,1.0,True
q00002_en,q00002,en,en,success@1,1.0,True
q00003_en,q00003,en,en,ndcg@10,1.0,True
q00003_en,q00003,en,en,recall@10,1.0,True
q00003_en,q00003,en,en,recall@100,1.0,True
q00003_en,q00003,en,en,mrr@100,1.0,True
q00003_en,q00003,en,en,success@1,1.0,True
q00004_en,q00004,en,en,ndcg@10,1.0,True
q00004_en,q00004,en,en,recall@10,1.0,True
q00004_en,q00004,en,en,recall@100,1.0,True
q00004_en,q00004,en,en,mrr@100,1.0,True
q00004_en,q00004,en,en,success@1,1.0,True
q00005_en,q00005,en,en,ndcg@10,1.0,True
q00005_en,q00005,en,en,recall@10,1.0,True
q00005_en,q00005,en,en,recall@100,1.0,True
q00005_en,q00005,en,en,mrr@100,1.0,True
q00005_en,q00005,en,en,success@1,1.0,True
q00006_en,q00006,en,en,ndcg@10,1.0,True
q00006_en,q00006,en,en,recall@10,1.0,True
q00006_en,q00006,en,en,recall@100,1.0,True
q00006_en,q00006,en,en,mrr@100,1.0,True
q00006_en,q00006,en,en,success@1,1.0,True
q00007_en,q00007,en,en,ndcg@10,1.0,True
q00007_en,q00007,en,en,recall@10,1.0,True
q00007_en,q00007,en,en,recall@100,1.0,True
q00007_en,q00007,en,en,mrr@100,1.0,True
q00007_en,q00007,en,en,success@1,1.0,True
q00008_en,q00008,en,en,ndcg@10,1.0,True
q00008_en,q00008,en,en,recall@10,1.0,True
q00008_en,q00008,en,en,recall@100,1.0,True
q00008_en,q00008,en,en,mrr@100,1.0,True
q00008_en,q00008,en,en,success@1,1.0,True
q00009_en,q00009,en,en,ndcg@10,1.0,True
q00009_en,q00009,en,en,recall@10,1.0,True
q00009_en,q00009,en,en,recall@100,1.0,True
q00009_en,q00009,en,en,mrr@100,1.0,True
q00009_en,q00009,en,en,success@1,1.0,True
q00010_en,q00010,en,en,ndcg@10,1.0,True
q00010_en,q00010,en,en,recall@10,1.0,True
q00010_en,q00010,en,en,recall@100,1.0,True
q00010_en,q00010,en,en,mrr@100,1.0,True
q00010_en,q00010,en,en,success@1,1.0,True
q00011_en,q00011,en,en,ndcg@10,1.0,True
q00011_en,q00011,en,en,recall@10,1.0,True
q00011_en,q00011,en,en,recall@100,1.0,True
q00011_en,q00011,en,en,mrr@100,1.0,True
q00011_en,q00011,en,en,success@1,1.0,True
q00012_en,q00012,en,en,ndcg@10,1.0,True
q00012_en,q00012,en,en,recall@10,1.0,True
q00012_en,q00012,en,en,recall@100,1.0,True
q00012_en,q00012,en,en,mrr@100,1.0,True
q00012_en,q00012,en,en,success@1,1.0,True
q00013_en,q00013,en,en,ndcg@10,1.0,True
q00013_en,q00013,en,en,recall@10,1.0,True
q00013_en,q00013,en,en,recall@100,1.0,True
q00013_en,q00013,en,en,mrr@100,1.0,True
q00013_en,q00013,en,en,success@1,1.0,True
q00014_en,q00014,en,en,ndcg@10,1.0,True
q00014_en,q00014,en,en,recall@10,1.0,True
q00014_en,q00014,en,en,recall@100,1.0,True
q00014_en,q00014,en,en,mrr@100,1.0,True
q00014_en,q00014,en,en,success@1,1.0,True
q00015_en,q00015,en,en,ndcg@10,1.0,True
q00015_en,q00015,en,en,recall@10,1.0,True
q00015_en,q00015,en,en,recall@100,1.0,True
q00015_en,q00015,en,en,mrr@100,1.0,True
q00015_en,q00015,en,en,success@1,1.0,True
q00016_en,q00016,en,en,ndcg@10,1.0,True
q00016_en,q00016,en,en,recall@10,1.0,True
q00016_en,q00016,en,en,recall@100,1.0,True
q00016_en,q00016,en,en,mrr@100,1.0,True
q00016_en,q00016,en,en,success@1,1.0,True
q00017_en,q00017,en,en,ndcg@10,1.0,True
q00017_en,q00017,en,en,recall@10,1.0,True
q00017_en,q00017,en,en,recall@100,1.0,True
q00017_en,q00017,en,en,mrr@100,1.0,True
q00017_en,q00017,en,en,success@1,1.0,True
q00018_en,q00018,en,en,ndcg@10,1.0,True
q00018_en,q00018,en,en,recall@10,1.0,True
q00018_en,q00018,en,en,recall@100,1.0,True
q00018_en,q00018,en,en,mrr@100,1.0,True
q00018_en,q00018,en,en,success@1,1.0,True
q00019_en,q00019,en,en,ndcg@10,1.0,True
q00019_en,q00019,en,en,recall@10,1.0,True
q00019_en,q00019,en,en,recall@100,1.0,True
q00019_en,q00019,en,en,mrr@100,1.0,True
q00019_en,q00019,en,en,success@1,1.0,True
q00020_en,q00020,en,en,ndcg@10,1.0,True
q00020_en,q00020,en,en,recall@10,1.0,True
q00020_en,q00020,en,en,recall@100,1.0,True
q00020_en,q00020,en,en,mrr@100,1.0,True
q00020_en,q00020,en,en,success@1,1.0,True
